Class,ClassFanIn,MethodFanIn
org/jfree/chart/internal/Args,238,880
org/jfree/chart/internal/SerialUtils,93,316
org/jfree/chart/axis/ValueAxis,77,284
org/jfree/chart/internal/PaintUtils,67,71
org/jfree/data/Range,61,339
org/jfree/chart/internal/HashUtils,54,79
org/jfree/chart/internal/CloneUtils,49,65
org/jfree/chart/plot/XYPlot,44,503
org/jfree/chart/api/RectangleInsets,43,186
org/jfree/chart/plot/PlotRenderingInfo,41,101
org/jfree/chart/plot/Plot,38,165
org/jfree/data/xy/XYDataset,36,135
org/jfree/chart/text/TextUtils,33,85
org/jfree/chart/ChartRenderingInfo,29,51
org/jfree/chart/internal/ShapeUtils,28,47
org/jfree/chart/plot/CategoryPlot,28,372
org/jfree/chart/api/RectangleEdge,24,77
org/jfree/chart/block/Size2D,24,92
org/jfree/chart/axis/CategoryAxis,24,132
org/jfree/chart/legend/LegendItem,23,172
org/jfree/chart/entity/EntityCollection,22,28
org/jfree/data/general/DatasetChangeEvent,22,34
org/jfree/data/general/DatasetUtils,20,58
org/jfree/chart/renderer/xy/AbstractXYItemRenderer,19,71
org/jfree/data/time/RegularTimePeriod,19,96
org/jfree/chart/renderer/category/CategoryItemRendererState,18,51
org/jfree/chart/entity/ChartEntity,16,38
org/jfree/chart/legend/LegendItemCollection,15,32
org/jfree/data/general/AbstractDataset,14,28
org/jfree/data/xy/AbstractIntervalXYDataset,14,14
org/jfree/chart/block/RectangleConstraint,13,110
org/jfree/chart/JFreeChart,13,148
org/jfree/chart/axis/AxisSpace,13,94
org/jfree/chart/api/PublicCloneable,13,14
org/jfree/chart/axis/AxisState,13,66
org/jfree/chart/axis/NumberAxis,12,86
org/jfree/chart/renderer/xy/XYItemRendererState,12,16
org/jfree/chart/plot/dial/DialLayerChangeEvent,12,72
org/jfree/chart/api/RectangleAnchor,11,16
org/jfree/chart/util/GradientPaintTransformer,11,14
org/jfree/chart/axis/NumberTickUnit,11,20
org/jfree/data/xy/IntervalXYDataset,11,48
org/jfree/chart/labels/XYSeriesLabelGenerator,10,10
org/jfree/data/xy/AbstractXYDataset,10,11
org/jfree/chart/axis/TickUnit,9,26
org/jfree/chart/plot/compass/MeterNeedle,9,34
org/jfree/chart/ChartElementVisitor,9,9
org/jfree/chart/axis/ValueTick,9,22
org/jfree/chart/plot/dial/DialPlot,9,29
org/jfree/chart/renderer/category/BarRenderer,9,45
org/jfree/chart/annotations/AbstractXYAnnotation,9,18
org/jfree/chart/labels/ItemLabelPosition,9,27
org/jfree/chart/plot/dial/AbstractDialLayer,9,28
org/jfree/chart/util/StandardGradientPaintTransformer,8,10
org/jfree/data/general/Series,8,29
org/jfree/chart/text/TextBlock,8,33
org/jfree/data/UnknownKeyException,8,24
org/jfree/chart/axis/NumberTick,8,14
org/jfree/chart/plot/PlotOrientation,8,18
org/jfree/chart/block/BlockContainer,8,30
org/jfree/chart/plot/Marker,8,63
org/jfree/chart/renderer/category/AbstractCategoryItemRenderer,8,48
org/jfree/chart/event/ChartChangeEvent,8,13
org/jfree/chart/labels/CategorySeriesLabelGenerator,7,7
org/jfree/chart/axis/Axis,7,78
org/jfree/chart/swing/editor/LCBLayout,7,8
org/jfree/chart/title/Title,7,33
org/jfree/chart/title/TextTitle,7,34
org/jfree/chart/plot/PolarPlot,6,88
org/jfree/chart/entity/StandardEntityCollection,6,11
org/jfree/chart/plot/PlotState,6,10
org/jfree/data/xy/XYZDataset,6,7
org/jfree/chart/block/Block,6,25
org/jfree/data/xml/RootHandler,6,10
org/jfree/data/KeyedValues,6,8
org/jfree/chart/event/TitleChangeEvent,6,35
org/jfree/chart/block/AbstractBlock,6,29
org/jfree/chart/event/AxisChangeEvent,6,14
org/jfree/data/ComparableObjectItem,6,15
org/jfree/chart/renderer/xy/XYBarRenderer,6,29
org/jfree/chart/renderer/xy/XYLineAndShapeRenderer,6,37
org/jfree/data/time/TimePeriod,6,26
org/jfree/data/flow/FlowKey,5,12
org/jfree/chart/labels/XYToolTipGenerator,5,5
org/jfree/chart/labels/AbstractXYItemLabelGenerator,5,36
org/jfree/data/time/Day,5,65
org/jfree/data/DefaultKeyedValues,5,56
org/jfree/chart/renderer/category/BarPainter,5,11
org/jfree/data/DataUtils,5,8
org/jfree/chart/plot/pie/PiePlot,5,94
org/jfree/chart/urls/XYURLGenerator,5,5
org/jfree/chart/entity/XYItemEntity,5,8
org/jfree/chart/renderer/AbstractRenderer,5,120
org/jfree/data/ComparableObjectSeries,5,28
org/jfree/chart/block/EntityBlockParams,5,5
org/jfree/chart/plot/ValueAxisPlot,5,5
org/jfree/chart/block/BlockResult,5,10
org/jfree/chart/swing/editor/PaintSample,5,18
org/jfree/data/xy/XYSeries,5,81
org/jfree/chart/axis/AxisLocation,4,9
org/jfree/data/time/Year,4,22
org/jfree/chart/swing/ChartPanel,4,78
org/jfree/chart/internal/LineUtils,4,4
org/jfree/data/flow/FlowDataset,4,31
org/jfree/chart/axis/TickUnitSource,4,17
org/jfree/data/general/DefaultPieDataset,4,20
org/jfree/chart/date/SerialDate,4,74
org/jfree/chart/renderer/xy/XYLineAndShapeRenderer$State,4,7
org/jfree/data/category/IntervalCategoryDataset,4,12
org/jfree/data/DefaultKeyedValues2D,4,71
org/jfree/data/xml/ItemHandler,4,6
org/jfree/data/xy/OHLCDataset,4,20
org/jfree/chart/renderer/PaintScale,4,6
org/jfree/data/category/DefaultCategoryDataset,4,22
org/jfree/chart/renderer/category/LineAndShapeRenderer,4,22
org/jfree/data/time/TimePeriodFormatException,4,4
org/jfree/data/time/TimeSeries,4,103
org/jfree/chart/event/MarkerChangeEvent,4,18
org/jfree/chart/plot/DrawingSupplier,4,11
org/jfree/data/xy/TableXYDataset,4,4
org/jfree/chart/plot/CrosshairState,4,16
org/jfree/chart/event/RendererChangeEvent,4,8
org/jfree/chart/axis/Tick,4,7
org/jfree/chart/imagemap/ImageMapUtils,4,12
org/jfree/chart/text/G2TextMeasurer,4,6
org/jfree/chart/renderer/xy/XYItemRenderer,3,35
org/jfree/chart/block/EntityBlockResult,3,3
org/jfree/chart/labels/StandardXYToolTipGenerator,3,20
org/jfree/chart/text/TextFragment,3,14
org/jfree/chart/block/BorderArrangement,3,11
org/jfree/chart/labels/CategoryItemLabelGenerator,3,4
org/jfree/chart/plot/dial/DialPointer,3,9
org/jfree/chart/renderer/RendererState,3,3
org/jfree/chart/renderer/xy/GradientXYBarPainter,3,7
org/jfree/chart/event/PlotChangeEvent,3,8
org/jfree/chart/renderer/category/CategoryItemRenderer,3,24
org/jfree/data/statistics/BoxAndWhiskerXYDataset,3,23
org/jfree/chart/text/TextAnchor,3,30
org/jfree/chart/util/ShadowGenerator,3,9
org/jfree/chart/renderer/Outlier,3,15
org/jfree/chart/plot/IntervalMarker,3,13
org/jfree/chart/api/RectangleAlignment,3,5
org/jfree/chart/text/TextLine,3,12
org/jfree/chart/block/BlockFrame,3,12
org/jfree/chart/renderer/xy/XYBarPainter,3,6
org/jfree/data/xy/IntervalXYDelegate,3,65
org/jfree/data/general/AbstractSeriesDataset,3,5
org/jfree/chart/swing/editor/StrokeSample,3,8
org/jfree/data/KeyedObjects2D,3,94
org/jfree/chart/labels/XYItemLabelGenerator,3,3
org/jfree/data/general/SeriesException,3,7
org/jfree/data/statistics/BoxAndWhiskerCategoryDataset,3,23
org/jfree/data/flow/NodeKey,3,13
org/jfree/data/gantt/Task,3,18
org/jfree/chart/plot/ValueMarker,3,5
org/jfree/data/statistics/BoxAndWhiskerItem,3,35
org/jfree/chart/annotations/AbstractAnnotation,3,6
org/jfree/data/statistics/StatisticalCategoryDataset,3,8
org/jfree/chart/renderer/OutlierList,3,13
org/jfree/data/xy/XYSeriesCollection,3,28
org/jfree/chart/labels/StandardCategoryToolTipGenerator,3,14
org/jfree/data/json/impl/JSONValue,3,11
org/jfree/chart/util/AttrStringUtils,3,26
org/jfree/chart/renderer/category/GradientBarPainter,3,7
org/jfree/chart/plot/dial/DialScale,3,3
org/jfree/chart/imagemap/StandardToolTipTagFragmentGenerator,2,5
org/jfree/chart/renderer/xy/StandardXYItemRenderer,2,21
org/jfree/chart/legend/LegendTitle,2,14
org/jfree/chart/text/TextBox,2,19
org/jfree/chart/text/AttributedStringUtils,2,2
org/jfree/chart/entity/TitleEntity,2,4
org/jfree/chart/api/VerticalAlignment,2,4
org/jfree/chart/renderer/LookupPaintScale,2,3
org/jfree/data/time/Minute,2,26
org/jfree/chart/urls/PieURLGenerator,2,3
org/jfree/chart/imagemap/StandardURLTagFragmentGenerator,2,5
org/jfree/chart/entity/CategoryItemEntity,2,3
org/jfree/chart/axis/AxisCollection,2,12
org/jfree/chart/renderer/xy/XYBarRenderer$XYBarRendererState,2,3
org/jfree/data/time/TimePeriodValue,2,17
org/jfree/chart/imagemap/OverLIBToolTipTagFragmentGenerator,2,2
org/jfree/chart/swing/editor/FontDisplayField,2,4
org/jfree/chart/StandardChartTheme,2,38
org/jfree/chart/labels/AbstractPieItemLabelGenerator,2,8
org/jfree/chart/swing/editor/DefaultValueAxisEditor,2,27
org/jfree/chart/axis/NumberTickUnitSource,2,18
org/jfree/chart/annotations/XYTextAnnotation,2,12
org/jfree/chart/block/LabelBlock,2,6
org/jfree/data/xml/PieDatasetHandler,2,3
org/jfree/chart/plot/DefaultDrawingSupplier,2,8
org/jfree/chart/plot/Crosshair,2,37
org/jfree/chart/labels/StandardPieSectionLabelGenerator,2,12
org/jfree/chart/plot/pie/PiePlotState,2,45
org/jfree/chart/swing/editor/DefaultAxisEditor,2,18
org/jfree/chart/entity/PieSectionEntity,2,2
org/jfree/data/xml/ValueHandler,2,3
org/jfree/chart/plot/Zoomable,2,19
org/jfree/chart/axis/PeriodAxisLabelInfo,2,19
org/jfree/chart/urls/StandardXYURLGenerator,2,14
org/jfree/chart/plot/pie/AbstractPieLabelDistributor,2,11
org/jfree/chart/encoders/ImageEncoder,2,12
org/jfree/chart/event/RendererChangeListener,2,2
org/jfree/data/KeyedValues2D,2,5
org/jfree/data/xy/AbstractXYZDataset,2,2
org/jfree/chart/block/BlockParams,2,4
org/jfree/chart/annotations/XYAnnotation,2,2
org/jfree/chart/labels/CategoryToolTipGenerator,2,3
org/jfree/data/general/DefaultValueDataset,2,4
org/jfree/chart/renderer/category/AreaRenderer,2,3
org/jfree/data/general/WaferMapDataset,2,14
org/jfree/chart/plot/pie/MultiplePiePlot,2,11
org/jfree/chart/plot/pie/PieLabelRecord,2,29
org/jfree/data/xy/XIntervalDataItem,2,9
org/jfree/data/time/Hour,2,26
org/jfree/chart/renderer/xy/XYAreaRenderer,2,10
org/jfree/data/xy/MatrixSeries,2,20
org/jfree/chart/labels/PieToolTipGenerator,2,2
org/jfree/data/gantt/GanttCategoryDataset,2,15
org/jfree/chart/labels/AbstractCategoryItemLabelGenerator,2,11
org/jfree/chart/swing/editor/StrokeChooserPanel,2,5
org/jfree/chart/swing/editor/FontChooserPanel,2,10
org/jfree/chart/Drawable,2,5
org/jfree/data/xy/VectorDataItem,2,10
org/jfree/chart/internal/ArrayUtils,2,3
org/jfree/data/statistics/MultiValueCategoryDataset,2,2
org/jfree/chart/axis/CategoryLabelPosition,2,21
org/jfree/chart/urls/CategoryURLGenerator,2,3
org/jfree/chart/plot/WaferMapPlot,2,9
org/jfree/data/general/SeriesChangeEvent,2,2
org/jfree/chart/labels/StandardCategoryItemLabelGenerator,2,4
org/jfree/data/DefaultKeyedValue,2,8
org/jfree/chart/renderer/WaferMapRenderer,2,15
org/jfree/data/time/TimeSeriesCollection,2,27
org/jfree/data/KeyedValues2DItemKey,2,3
org/jfree/chart/ChartTheme,2,32
org/jfree/data/gantt/TaskSeries,2,13
org/jfree/chart/api/HorizontalAlignment,2,4
org/jfree/chart/axis/LogTick,2,5
org/jfree/chart/plot/compass/ArrowNeedle,2,5
org/jfree/data/time/ohlc/OHLCItem,2,15
org/jfree/chart/renderer/OutlierListCollection,2,15
org/jfree/chart/renderer/category/StackedBarRenderer,2,4
org/jfree/data/xml/CategoryDatasetHandler,2,3
org/jfree/data/time/TimeSeriesDataItem,2,31
org/jfree/chart/swing/editor/DefaultPlotEditor,2,23
org/jfree/data/xml/CategorySeriesHandler,2,4
org/jfree/data/KeyedValue,2,4
org/jfree/data/KeyToGroupMap,2,16
org/jfree/chart/plot/CategoryCrosshairState,2,7
org/jfree/chart/api/Rotation,2,6
org/jfree/chart/labels/HighLowItemLabelGenerator,2,3
org/jfree/chart/axis/DateTickUnit,1,21
org/jfree/chart/swing/editor/DefaultPolarPlotEditor,1,6
org/jfree/chart/plot/CombinedDomainXYPlot,1,10
org/jfree/chart/renderer/LookupPaintScale$PaintItem,1,1
org/jfree/chart/annotations/XYAnnotationBoundsInfo,1,3
org/jfree/chart/renderer/xy/WindItemRenderer,1,1
org/jfree/chart/labels/StandardPieToolTipGenerator,1,11
org/jfree/chart/date/SpreadsheetDate,1,13
org/jfree/chart/event/AnnotationChangeListener,1,1
org/jfree/chart/plot/pie/PieLabelDistributor,1,6
org/jfree/data/xy/VectorSeries,1,11
org/jfree/chart/imagemap/URLTagFragmentGenerator,1,1
org/jfree/chart/renderer/xy/CyclicXYItemRenderer$OverwriteDataSet,1,3
org/jfree/data/statistics/BoxAndWhiskerCalculator,1,4
org/jfree/chart/text/TextMeasurer,1,1
org/jfree/chart/imagemap/ToolTipTagFragmentGenerator,1,1
org/jfree/chart/renderer/xy/DeviationRenderer$State,1,1
org/jfree/chart/axis/DateAxis$DefaultTimeline,1,1
org/jfree/chart/ChartColor,1,1
org/jfree/chart/ChartHints$Key,1,1
org/jfree/chart/swing/OverlayChangeListener,1,1
org/jfree/chart/labels/IntervalCategoryToolTipGenerator,1,1
org/jfree/chart/renderer/xy/XYBoxAndWhiskerRenderer,1,16
org/jfree/data/json/impl/JSONAware,1,2
org/jfree/chart/util/StringUtils,1,1
org/jfree/chart/labels/StandardCrosshairLabelGenerator,1,2
org/jfree/chart/plot/compass/LineNeedle,1,1
org/jfree/data/json/impl/JSONArray,1,5
org/jfree/chart/swing/editor/DefaultLogAxisEditor,1,3
org/jfree/chart/plot/ThermometerPlot,1,27
org/jfree/chart/entity/NodeEntity,1,1
org/jfree/data/KeyedObject,1,8
org/jfree/chart/plot/compass/ShipNeedle,1,1
org/jfree/chart/renderer/category/MinMaxCategoryRenderer,1,5
org/jfree/chart/plot/RingPlot,1,4
org/jfree/chart/entity/XYAnnotationEntity,1,1
org/jfree/chart/renderer/category/CategoryStepRenderer$State,1,1
org/jfree/data/time/ohlc/OHLCSeries,1,9
org/jfree/chart/renderer/xy/DeviationRenderer,1,6
org/jfree/data/xy/XYInterval,1,6
org/jfree/chart/labels/BoxAndWhiskerXYToolTipGenerator,1,1
org/jfree/data/time/Second,1,20
org/jfree/data/xy/WindDataItem,1,4
org/jfree/chart/event/PlotChangeListener,1,1
org/jfree/chart/swing/MouseWheelHandler,1,2
org/jfree/data/xy/XYIntervalDataItem,1,7
org/jfree/chart/block/LengthConstraintType,1,3
org/jfree/chart/renderer/DefaultPolarItemRenderer,1,13
org/jfree/chart/renderer/xy/XYAreaRenderer2,1,5
org/jfree/data/time/DynamicTimeSeriesCollection$ValueSequence,1,12
org/jfree/chart/renderer/category/StandardBarPainter,1,2
org/jfree/chart/ChartTransferable,1,4
org/jfree/chart/util/DefaultShadowGenerator,1,3
org/jfree/chart/axis/DateAxis,1,64
org/jfree/chart/renderer/category/StatisticalBarRenderer,1,3
org/jfree/chart/axis/TickUnits,1,3
org/jfree/data/statistics/MeanAndStandardDeviation,1,8
org/jfree/chart/renderer/xy/XYBubbleRenderer,1,3
org/jfree/chart/labels/StandardCategorySeriesLabelGenerator,1,3
org/jfree/data/xy/WindDataset,1,2
org/jfree/chart/axis/LogAxis,1,49
org/jfree/chart/renderer/RendererUtils,1,3
org/jfree/chart/plot/FastScatterPlot,1,18
org/jfree/data/general/HeatMapDataset,1,9
org/jfree/data/xy/Vector,1,3
org/jfree/chart/renderer/xy/StandardXYItemRenderer$State,1,5
org/jfree/data/time/Millisecond,1,16
org/jfree/chart/block/BlockBorder,1,6
org/jfree/chart/plot/CategoryMarker,1,4
org/jfree/data/statistics/Statistics,1,12
org/jfree/chart/annotations/CategoryTextAnnotation,1,6
org/jfree/data/xy/YIntervalSeries,1,13
org/jfree/chart/renderer/category/StackedAreaRenderer,1,5
org/jfree/chart/axis/SymbolAxis,1,9
org/jfree/data/xy/XYDataItem,1,30
org/jfree/chart/swing/editor/ChartEditorManager,1,1
org/jfree/data/general/Dataset,1,1
org/jfree/data/time/ohlc/OHLC,1,5
org/jfree/chart/axis/CategoryTick,1,3
org/jfree/chart/swing/ChartMouseEvent,1,2
org/jfree/chart/plot/Pannable,1,5
org/jfree/chart/entity/PlotEntity,1,3
org/jfree/data/xy/XYIntervalSeries,1,14
org/jfree/chart/swing/ChartMouseListener,1,2
org/jfree/data/xml/KeyHandler,1,3
org/jfree/chart/block/ColumnArrangement,1,10
org/jfree/chart/plot/compass/MiddlePinNeedle,1,1
org/jfree/data/time/TimePeriodValues,1,27
org/jfree/chart/labels/BoxAndWhiskerToolTipGenerator,1,1
org/jfree/chart/urls/StandardCategoryURLGenerator,1,7
org/jfree/data/xy/XYDomainInfo,1,1
org/jfree/chart/swing/AbstractOverlay,1,2
org/jfree/data/flow/FlowDatasetUtils,1,4
org/jfree/chart/renderer/xy/XYStepRenderer,1,4
org/jfree/chart/plot/compass/PinNeedle,1,1
org/jfree/chart/plot/compass/WindNeedle,1,1
org/jfree/chart/plot/MeterPlot,1,24
org/jfree/chart/urls/StandardXYZURLGenerator,1,1
org/jfree/data/ItemKey,1,1
org/jfree/chart/ChartUtils,1,18
org/jfree/data/category/CategoryRangeInfo,1,1
org/jfree/chart/block/Arrangement,1,3
org/jfree/chart/axis/SubCategoryAxis,1,5
org/jfree/chart/entity/LegendItemEntity,1,3
org/jfree/data/xy/XYItemKey,1,2
org/jfree/data/statistics/SimpleHistogramBin,1,13
org/jfree/data/time/SimpleTimePeriod,1,6
org/jfree/chart/renderer/xy/SamplingXYLineRenderer$State,1,1
org/jfree/data/RangeInfo,1,6
org/jfree/chart/entity/FlowEntity,1,1
org/jfree/chart/entity/CategoryLabelEntity,1,1
org/jfree/chart/swing/editor/ChartEditor,1,1
org/jfree/chart/plot/dial/DialLayer,1,9
org/jfree/data/xy/XYCoordinate,1,4
org/jfree/chart/plot/compass/PointerNeedle,1,1
org/jfree/chart/swing/DefaultSelectionZoomStrategy,1,1
org/jfree/chart/plot/CombinedRangeXYPlot,1,11
org/jfree/chart/plot/CombinedRangeCategoryPlot,1,5
org/jfree/chart/axis/CategoryAnchor,1,3
org/jfree/chart/swing/NumberCellRenderer,1,1
org/jfree/data/general/DatasetChangeListener,1,1
org/jfree/chart/swing/editor/DefaultChartEditorFactory,1,1
org/jfree/data/xy/XIntervalSeries,1,13
org/jfree/chart/JFreeChart$1,1,1
org/jfree/chart/labels/FlowLabelGenerator,1,1
org/jfree/data/KeyedValueComparator,1,3
org/jfree/chart/plot/dial/ArcDialFrame,1,4
org/jfree/chart/plot/MeterInterval,1,9
org/jfree/chart/swing/editor/DefaultTitleEditor,1,10
org/jfree/chart/plot/compass/PlumNeedle,1,1
org/jfree/chart/block/FlowArrangement,1,20
org/jfree/chart/plot/compass/LongNeedle,1,1
org/jfree/chart/renderer/category/MinMaxCategoryRenderer$2,1,1
org/jfree/chart/renderer/category/MinMaxCategoryRenderer$1,1,1
org/jfree/data/xy/YisSymbolic,1,1
org/jfree/chart/plot/dial/DialFrame,1,1
org/jfree/chart/renderer/xy/CandlestickRenderer,1,4
org/jfree/data/function/Function2D,1,1
org/jfree/chart/labels/StandardFlowLabelGenerator,1,2
org/jfree/data/xy/YWithXInterval,1,4
org/jfree/chart/renderer/xy/XYStepAreaRenderer,1,10
org/jfree/chart/annotations/TextAnnotation,1,9
org/jfree/chart/renderer/xy/HighLowRenderer,1,4
org/jfree/chart/renderer/xy/XYSplineRenderer$XYSplineState,1,1
org/jfree/data/general/SeriesChangeListener,1,1
org/jfree/chart/swing/Overlay,1,3
org/jfree/data/time/Month,1,19
org/jfree/chart/axis/CyclicNumberAxis,1,18
org/jfree/data/statistics/HistogramBin,1,7
org/jfree/chart/event/ChartProgressListener,1,1
org/jfree/data/xy/YInterval,1,4
org/jfree/chart/annotations/CategoryAnnotation,1,1
org/jfree/chart/event/ChartChangeListener,1,1
org/jfree/chart/plot/CombinedDomainCategoryPlot,1,11
org/jfree/chart/encoders/EncoderUtil,1,8
org/jfree/chart/entity/TickLabelEntity,1,1
org/jfree/chart/entity/JFreeChartEntity,1,3
org/jfree/chart/plot/dial/DialLayerChangeListener,1,1
org/jfree/chart/renderer/xy/StackedXYAreaRenderer2,1,6
org/jfree/data/KeyedObjects,1,23
org/jfree/chart/axis/DateTick,1,5
org/jfree/chart/legend/LegendItemSource,1,1
org/jfree/data/xy/IntervalXYZDataset,1,2
org/jfree/chart/axis/CyclicNumberAxis$CycleBoundTick,1,2
org/jfree/chart/event/AnnotationChangeEvent,1,1
org/jfree/chart/swing/OverlayChangeEvent,1,1
org/jfree/chart/swing/editor/DefaultChartEditor,1,4
org/jfree/data/xy/VectorXYDataset,1,4
org/jfree/chart/legend/LegendItemBlockContainer,1,5
org/jfree/chart/renderer/PolarItemRenderer,1,12
org/jfree/chart/labels/StandardXYZToolTipGenerator,1,4
org/jfree/chart/labels/CrosshairLabelGenerator,1,2
org/jfree/chart/swing/SelectionZoomStrategy,1,23
org/jfree/chart/block/CenterArrangement,1,16
org/jfree/data/xy/XYRangeInfo,1,1
org/jfree/data/xy/OHLCDataItem,1,7
org/jfree/chart/plot/SpiderWebPlot,1,28
org/jfree/data/DomainInfo,1,3
org/jfree/chart/StandardChartTheme$1,1,1
org/jfree/chart/swing/editor/DefaultNumberAxisEditor,1,4
org/jfree/chart/renderer/category/BoxAndWhiskerRenderer,1,13
org/jfree/chart/title/CompositeTitle,1,3
org/jfree/data/xy/YIntervalDataItem,1,5
org/jfree/chart/labels/ItemLabelAnchor,1,3
org/jfree/chart/renderer/category/IntervalBarRenderer,1,4
org/jfree/data/Values2D,1,8
org/jfree/chart/renderer/xy/StackedXYAreaRenderer$StackedXYAreaRendererState,1,8
org/jfree/chart/axis/DateTickUnitType,1,5
org/jfree/chart/event/ChartProgressEvent,1,1
org/jfree/chart/labels/PieSectionLabelGenerator,1,4
org/jfree/chart/event/TitleChangeListener,1,1
org/jfree/chart/renderer/category/WaterfallBarRenderer,1,6
org/jfree/chart/api/Layer,1,3
org/jfree/data/xy/XisSymbolic,1,1
org/jfree/data/category/CategoryToPieDataset,1,7
org/jfree/chart/encoders/ImageEncoderFactory,1,12
org/jfree/data/time/DateRange,1,23
org/jfree/data/json/impl/JSONStreamAware,1,1
org/jfree/chart/axis/Timeline,1,8
org/jfree/chart/renderer/xy/XYAreaRenderer$XYAreaRendererState,1,1
org/jfree/chart/legend/LegendGraphic,1,16
org/jfree/chart/axis/PeriodAxis,1,21
org/jfree/chart/legend/PaintScaleLegend,1,5
org/jfree/chart/renderer/xy/StandardXYBarPainter,1,2
org/jfree/data/json/impl/JSONObject,1,7
org/jfree/data/gantt/TaskSeriesCollection,1,43
org/jfree/chart/labels/StandardXYSeriesLabelGenerator,1,3
org/jfree/chart/axis/CategoryLabelPositions,1,15
org/jfree/chart/event/AxisChangeListener,1,1
org/jfree/chart/swing/editor/ChartEditorFactory,1,1
org/jfree/chart/urls/StandardPieURLGenerator,1,7
org/jfree/chart/ChartFactory,1,18
org/jfree/chart/entity/AxisEntity,1,3
org/jfree/chart/event/MarkerChangeListener,1,1
org/jfree/chart/renderer/category/GanttRenderer,1,11
org/jfree/chart/text/format/HexNumberFormat,0,2
org/jfree/chart/labels/IntervalXYItemLabelGenerator,0,1
org/jfree/data/time/DynamicTimeSeriesCollection,0,29
org/jfree/chart/plot/DatasetRenderingOrder,0,2
org/jfree/chart/plot/DialShape,0,2
org/jfree/chart/labels/IntervalXYToolTipGenerator,0,1
org/jfree/data/xy/DefaultTableXYDataset,0,16
org/jfree/chart/swing/ChartFrame,0,1
org/jfree/chart/imagemap/DynamicDriveToolTipTagFragmentGenerator,0,0
org/jfree/chart/plot/dial/StandardDialRange,0,1
org/jfree/chart/urls/CustomPieURLGenerator,0,7
org/jfree/chart/renderer/xy/CyclicXYItemRenderer,0,0
org/jfree/data/xy/XYBarDataset,0,4
org/jfree/chart/plot/dial/StandardDialScale,0,2
org/jfree/data/statistics/HistogramType,0,2
org/jfree/chart/api/RectangleEdge$1,0,0
org/jfree/data/xy/XYDatasetTableModel,0,2
org/jfree/data/statistics/DefaultMultiValueCategoryDataset,0,0
org/jfree/chart/annotations/XYDataImageAnnotation,0,1
org/jfree/chart/axis/ModuloAxis,0,11
org/jfree/data/function/LineFunction2D,0,0
org/jfree/chart/legend/LegendRenderingOrder,0,2
org/jfree/data/time/Week,0,16
org/jfree/chart/annotations/XYTitleAnnotation,0,1
org/jfree/data/statistics/DefaultBoxAndWhiskerXYDataset,0,2
org/jfree/chart/title/ImageTitle$1,0,0
org/jfree/chart/renderer/xy/XYDifferenceRenderer,0,10
org/jfree/chart/plot/dial/DialPointer$Pin,0,1
org/jfree/chart/axis/AxisCollection$1,0,0
org/jfree/chart/axis/MonthDateFormat,0,6
org/jfree/chart/labels/IntervalCategoryItemLabelGenerator,0,0
org/jfree/chart/annotations/CategoryLineAnnotation,0,4
org/jfree/chart/block/ColorBlock,0,1
org/jfree/chart/renderer/category/LevelRenderer,0,7
org/jfree/chart/renderer/AreaRendererEndType,0,2
org/jfree/chart/plot/compass/CompassPlot,0,9
org/jfree/chart/renderer/xy/DefaultXYItemRenderer,0,0
org/jfree/chart/plot/dial/StandardDialFrame,0,1
org/jfree/chart/annotations/XYDrawableAnnotation,0,1
org/jfree/chart/plot/dial/DialPointer$Pointer,0,1
org/jfree/data/xy/DefaultHighLowDataset,0,7
org/jfree/data/gantt/XYTaskDataset,0,18
org/jfree/chart/renderer/category/LayeredBarRenderer,0,4
org/jfree/chart/block/EmptyBlock,0,1
org/jfree/chart/swing/PolarChartPanel,0,4
org/jfree/chart/util/PaintAlpha,0,9
org/jfree/data/general/DefaultHeatMapDataset,0,2
org/jfree/chart/swing/CrosshairOverlay,0,12
org/jfree/chart/plot/dial/DialValueIndicator,0,2
org/jfree/chart/labels/BubbleXYItemLabelGenerator,0,3
org/jfree/chart/axis/AxisLocation$1,0,0
org/jfree/chart/legend/LegendGraphic$1,0,0
org/jfree/data/flow/DefaultFlowDataset,0,13
org/jfree/data/time/MovingAverage,0,3
org/jfree/chart/event/ChartProgressEventType,0,2
org/jfree/chart/annotations/XYBoxAnnotation,0,2
org/jfree/data/KeyedValuesItemKey,0,0
org/jfree/chart/annotations/CategoryPointerAnnotation,0,0
org/jfree/chart/plot/flow/FlowPlot,0,3
org/jfree/chart/renderer/xy/XYErrorRenderer,0,0
org/jfree/chart/plot/dial/DialBackground,0,1
org/jfree/data/xy/DefaultWindDataset,0,6
org/jfree/data/time/TimeTableXYDataset,0,14
org/jfree/chart/block/GridArrangement,0,18
org/jfree/chart/renderer/category/DefaultCategoryItemRenderer,0,0
org/jfree/data/time/TimePeriodValuesCollection,0,11
org/jfree/data/xy/CategoryTableXYDataset,0,8
org/jfree/data/xy/DefaultOHLCDataset,0,6
org/jfree/chart/encoders/SunPNGEncoderAdapter,0,1
org/jfree/data/gantt/SlidingGanttCategoryDataset,0,19
org/jfree/chart/axis/CompassFormat,0,4
org/jfree/data/xy/MatrixSeriesCollection,0,3
org/jfree/data/function/NormalDistributionFunction2D,0,0
org/jfree/chart/event/ChartChangeEventType,0,2
org/jfree/chart/plot/Plot$1,0,0
org/jfree/data/general/HeatMapUtils,0,0
org/jfree/data/RangeType,0,2
org/jfree/chart/renderer/xy/XYDotRenderer,0,1
org/jfree/chart/text/format/RelativeDateFormat,0,6
org/jfree/chart/renderer/xy/XYSplineRenderer,0,3
org/jfree/data/xy/DefaultXYDataset,0,5
org/jfree/chart/axis/ExtendedCategoryAxis,0,0
org/jfree/chart/renderer/category/ScatterRenderer,0,3
org/jfree/chart/axis/AxisState$1,0,0
org/jfree/chart/renderer/category/StatisticalLineAndShapeRenderer,0,1
org/jfree/chart/renderer/xy/DeviationStepRenderer,0,1
org/jfree/chart/renderer/xy/XYShapeRenderer,0,2
org/jfree/chart/urls/TimeSeriesURLGenerator,0,0
org/jfree/data/xml/DatasetReader,0,4
org/jfree/chart/axis/Axis$1,0,0
org/jfree/chart/renderer/category/GroupedStackedBarRenderer,0,1
org/jfree/data/DomainOrder,0,2
org/jfree/data/xy/DefaultXYZDataset,0,5
org/jfree/data/category/DefaultIntervalCategoryDataset,0,31
org/jfree/data/xy/VectorSeriesCollection,0,4
org/jfree/chart/api/SortOrder,0,2
org/jfree/chart/annotations/XYPointerAnnotation,0,0
org/jfree/data/xy/DefaultIntervalXYDataset,0,6
org/jfree/chart/plot/pie/PieLabelLinkStyle,0,2
org/jfree/chart/annotations/XYPolygonAnnotation,0,2
org/jfree/chart/api/TableOrder,0,2
org/jfree/data/time/ohlc/OHLCSeriesCollection,0,11
org/jfree/data/time/TimePeriodAnchor,0,2
org/jfree/chart/title/ImageTitle,0,5
org/jfree/chart/annotations/XYImageAnnotation,0,1
org/jfree/data/statistics/DefaultStatisticalCategoryDataset,0,14
org/jfree/chart/axis/DateTickMarkPosition,0,2
org/jfree/chart/axis/TickType,0,2
org/jfree/chart/renderer/xy/VectorRenderer,0,0
org/jfree/chart/api/RectangleAlignment$1,0,0
org/jfree/chart/JFreeChart$2,0,0
org/jfree/chart/renderer/category/CategoryStepRenderer,0,3
org/jfree/chart/renderer/AbstractRenderer$1,0,0
org/jfree/chart/renderer/xy/ClusteredXYBarRenderer,0,2
org/jfree/chart/text/format/HMSNumberFormat,0,1
org/jfree/chart/plot/dial/DialTextAnnotation,0,0
org/jfree/chart/plot/XYCrosshairState,0,0
org/jfree/chart/axis/MarkerAxisBand,0,2
org/jfree/chart/labels/MultipleXYSeriesLabelGenerator,0,2
org/jfree/chart/renderer/xy/XYBlockRenderer,0,6
org/jfree/chart/annotations/XYLineAnnotation,0,1
org/jfree/chart/renderer/xy/YIntervalRenderer,0,1
org/jfree/data/xy/XIntervalSeriesCollection,0,4
org/jfree/chart/labels/CustomXYToolTipGenerator,0,5
org/jfree/data/io/CSV,0,5
org/jfree/chart/title/DateTitle,0,3
org/jfree/chart/util/GradientPaintTransformType,0,2
org/jfree/chart/block/LineBorder,0,3
org/jfree/chart/axis/CategoryLabelWidthType,0,2
org/jfree/chart/labels/SymbolicXYItemLabelGenerator,0,1
org/jfree/data/time/FixedMillisecond,0,5
org/jfree/data/statistics/DefaultBoxAndWhiskerCategoryDataset,0,15
org/jfree/chart/api/RectangleAnchor$1,0,0
org/jfree/chart/plot/PolarAxisLocation,0,2
org/jfree/chart/axis/StandardTickUnitSource,0,1
org/jfree/chart/renderer/xy/SamplingXYLineRenderer,0,0
org/jfree/data/function/PowerFunction2D,0,0
org/jfree/data/category/SlidingCategoryDataset,0,5
org/jfree/data/statistics/SimpleHistogramDataset,0,10
org/jfree/chart/renderer/xy/StackedXYAreaRenderer,0,5
org/jfree/chart/text/format/LogFormat,0,4
org/jfree/chart/api/XYCoordinateType,0,2
org/jfree/chart/annotations/XYShapeAnnotation,0,2
org/jfree/data/xy/XYIntervalSeriesCollection,0,8
org/jfree/chart/renderer/xy/StackedXYBarRenderer,0,1
org/jfree/chart/util/ExportUtils,0,2
org/jfree/data/statistics/HistogramDataset,0,13
org/jfree/chart/title/ShortTextTitle,0,7
org/jfree/chart/ChartHints,0,0
org/jfree/chart/urls/CustomXYURLGenerator,0,5
org/jfree/chart/swing/UIUtils,0,4
org/jfree/data/general/DefaultKeyedValuesDataset,0,0
org/jfree/chart/urls/CustomCategoryURLGenerator,0,5
org/jfree/data/xy/YIntervalSeriesCollection,0,4
org/jfree/data/function/PolynomialFunction2D,0,0
org/jfree/chart/encoders/SunJPEGEncoderAdapter,0,1
org/jfree/chart/api/LengthAdjustmentType,0,2
org/jfree/data/general/DefaultKeyedValueDataset,0,3
org/jfree/data/json/JSONUtils,0,2
org/jfree/data/xy/NormalizedMatrixSeries,0,0
org/jfree/data/time/TimeSeriesTableModel,0,2
org/jfree/chart/text/TextBlockAnchor,0,2
org/jfree/chart/api/UnitType,0,2
org/jfree/chart/renderer/xy/XYSplineRenderer$FillType,0,2
org/jfree/chart/axis/CategoryAxis$1,0,0
org/jfree/data/general/DefaultKeyedValues2DDataset,0,0
org/jfree/data/statistics/Regression,0,1
org/jfree/chart/axis/LogarithmicAxis,0,19
org/jfree/chart/renderer/xy/AbstractXYItemRenderer$1,0,0
org/jfree/chart/plot/CenterTextMode,0,2
org/jfree/chart/plot/dial/DialCap,0,0
org/jfree/chart/axis/QuarterDateFormat,0,3
org/jfree/chart/renderer/GrayPaintScale,0,2
org/jfree/chart/plot/SeriesRenderingOrder,0,2
org/jfree/chart/axis/AxisLabelLocation,0,2
org/jfree/data/time/Quarter,0,15
org/jfree/data/KeyedValueComparatorType,0,2
org/jfree/chart/labels/StandardXYItemLabelGenerator,0,2
